<?xml version="1.0" encoding="UTF-8"?>
<project-private xmlns="http://www.netbeans.org/ns/project-private/1">
    <editor-bookmarks xmlns="http://www.netbeans.org/ns/editor-bookmarks/2" lastBookmarkId="0"/>
    <open-files xmlns="http://www.netbeans.org/ns/projectui-open-files/2">
        <group>
            <file>file:/C:/Users/Admin/Documents/NetBeansProjects/Resumeproject/web/app.js</file>
            <file>file:/C:/Users/Admin/Documents/NetBeansProjects/Resumeproject/web/script.js</file>
            <file>file:/C:/Users/Admin/Documents/NetBeansProjects/Resumeproject/web/Signup.jsp</file>
            <file>file:/C:/Users/Admin/Documents/NetBeansProjects/Resumeproject/web/Resume_making.jsp</file>
        </group>
    </open-files>
</project-private>
